ATVI,Activision Blizzard, Inc,4014,26,4305,2404,5117600,Activision Blizzard Inc. is one of the largest interactive gaming and entertainment companies in the world.[5] Headquartered in Santa Monica, California and founded in 2008[6] through the merger of Vivendi Games[7] and Activision, the company is traded on the S&P 500[6] and NASDAQ under the ticker symbol NASDAQ: ATVI.[8] Activision Blizzard currently includes five business units:[9] Activision, Blizzard Entertainment, Major League Gaming,[10] Activision Blizzard Studios,[11][12] and King Digital Entertainment.
ADBE,Adobe Systems Incorporated,10073,103,10193,7127,1199294,Adobe Systems Incorporated /??do?bi?/ is an American multinational computer software company. The company is headquartered in San Jose, California, United States. Adobe has historically focused upon the creation of multimedia and creativity software products, with a more recent foray towards rich Internet application software development. It is best known for Photoshop, an image editing software, Adobe Reader, the Portable Document Format (PDF) and Adobe Creative Suite, as well as its successor Adobe Creative Cloud. \nAdobe was founded in February 1982 by John Warnock and Charles Geschke, who established the company after leaving Xerox PARC in order to develop and sell the PostScript page description language. In 1985, Apple Computer licensed PostScript for use in its LaserWriter printers, which helped spark the desktop publishing revolution.,
AKAM,Akamai Technologies Inc.,5228,-6,7639,3943,711838,Akamai Technologies Inc. is a content delivery network (CDN) and cloud services provider headquartered inCambridge, Massachusetts, in the United States. Akamai\'s content delivery network is one of the world\'s largestdistributed computing platforms, responsible for serving between 15 and 30 percent of all web traffic. The company operates a network of servers around the world and rents capacity on these servers to customers who want their websites to work faster by distributing content from locations close to the user. Over the years its customers have included Apple, Facebook, Bing, Twitter, eBay, Google, and healthcare.gov. When a user navigates to the URL of an Akamai customer, their browser is redirected to one of Akamai\'s copies of the website.,
ALXN,Alexion Pharmaceuticals Inc.,13263,-43,19345,11056,456016,Alexion Pharmaceuticals Inc. is an American pharmaceutical company best known for its development of Soliris, a drug used to treat the rare disorders atypical hemolytic uremic syndrome (aHUS) and paroxysmal nocturnal hemoglobinuria (PNH). The company is also involved in immune system research related to autoimmune diseases. It employs about 2,400 people worldwide. On February 29,2016, the company held the dedication ceremony for its brand-new headquarters in New Haven, CT, not far from the company\'s starting point in the same city.,
GOOG,Alphabet Inc.,77894,-97,78987,56505,449163,Alphabet Inc. (marketed as Alphabet) is an American multinational conglomerate founded on October 2, 2015 by Google co-founders, Larry Page and Sergey Brin, with Page serving as CEO and Brin as President. It is the parent company of Google and several other companies previously owned by them. The company is based in Mountain View, California at Googleplex. The reorganization of Google into Alphabet was completed on October 2,2015
GOOGL,Alphabet Inc.,80362,-180,81388,59309,541177,Alphabet Inc. (marketed as Alphabet) is an American multinational conglomerate founded on October 2, 2015 by Google co-founders, Larry Page and Sergey Brin, with Page serving as CEO and Brin as President. It is the parent company of Google and several other companies previously owned by them. The company is based in Mountain View, California at Googleplex. The reorganization of Google into Alphabet was completed on October 2,2015
AMZN,Amazon.com Inc.,76400,-63,77375,45100,928722,Amazon.com Inc., often referred to as simply Amazon, is an American electronic commerce and cloud computing company with headquarters in Seattle, Washington. It is the largest Internet-based retailer in the United States and world by total sales and market capitalization Amazon.com started as an online bookstore, later diversifying to sell DVDs, Blu-rays, CDs, video downloads/streaming, MP3 downloads/streaming, audiobook downloads/streaming, software, video games, electronics, apparel, furniture, food, toys and jewelry. The company also produces consumer electronics notably, Amazon Kindle e-readers, Fire tablets, and Fire TV and is the world\'s largest provider of cloud infrastructure services (IaaS). Amazon also sells certain low-end products like USB cables under its in-house brand AmazonBasics.
AAL,American Airlines Group Inc.,3652,-8,4709,2485,3660991,American Airlines Group Inc. is an American publicly traded airline holding company headquartered in Fort Worth, Texas. It was formed December 9,2013, in the merger of AMR Corporation, the parent company of American Airlines, and US Airways Group, the parent company of US Airways. The airline groups together form the largest airline in the world, with more than 6,700 daily flights to 336 locations in 56 countries worldwide, about $40 billion in operating revenue, over 100,000 employees, and plans to take delivery of 607 new aircraft, including 517 narrowbody aircraft and 90 widebody international aircraft. The integration of American Airlines and US Airways was completed when the Federal Aviation Administration granted a single operating certificate for both carriers on April 8,2015,
AMGN,Amgen Inc.,17494,63,17664,13009,2436536,AMGen (formerly Applied Molecular Genetics Inc.  is an American multinational biopharmaceutical company headquartered in Thousand Oaks, California. Located in the Conejo Valley, AMGen is the world\'s largest independent biotechnology firm. In 2013, the company\'s largest selling product lines were Neulasta/Neupogen, two closely related drugs used to prevent infections in patients undergoing cancer chemotherapy; and Enbrel, a tumor necrosis factor blocker used in the treatment of rheumatoid arthritis and other autoimmune diseases. Other products include Epogen, Aranesp, Sensipar/Mimpara, Nplate, Vectibix, Prolia and XGEVA.,
ADI,Analog Devices Inc.,6410,-10,6691,4724,1350188,Analog Devices Inc., also known as ADI or Analog, is an American multinational semiconductor company specializing in data conversion and signal processing technology, headquartered in Norwood, Massachusetts.  In 2012, Analog Devices led the worldwide data converter market with a 48.5% share, according to analyst firm Databeans.,
AAPL,Apple Inc.,10928,6,12382,8947,13374395,Apple Inc. designs, manufactures, and markets personal computers and related personal computing and mobile communication devices along with a variety of related software, services, peripherals, and networking solutions. The Company sells its products worldwide through its online stores, its retail stores, its direct sales force, third-party wholesalers, and resellers.
AMAT,Applied Materials Inc.,2735,6,2775,1425,11313029,Applied Materials Inc. is an American corporation that supplies equipment, services and software to enable the manufacture of semiconductor (integrated circuit) chips for electronics, flat panel displays for computers, smartphones and televisions, and solar products. The company also supplies equipment to produce coatings for flexible electronics, packaging and other applications. The company is headquartered in Santa Clara, California, in the Silicon Valley.
ADSK,Autodesk Inc.,6362,83,6578,4160,812396,Autodesk Inc. is an American multinational software corporation that makes software for the architecture, engineering, construction, manufacturing, media, and entertainment industries. Autodesk is headquartered in San Rafael, California, and features a gallery of its customers\' work. in its San Francisco building. The company has offices worldwide, with U.S. locations in Northern California, Oregon, Colorado, Texas and in New England in New Hampshire and Massachusetts, and Canada locations in Ontario, Quebec, and Alberta.,
ADP,Automatic Data Processing Inc.,8973,40,9600,6429,638368,ADP, LLC., is an American provider of human resources management software and services. ADP was formerly one of four American companies to get a AAA credit rating from Standard & Poor\'s (S&P) and Moody\'s,but S&P and Moody\'s downgraded ADP to AA in April 2014, after the dealer services unit spin off.,
BIDU,"Baidu, Inc",17540,267,21797,10000,2535554,Baidu Inc. incorporated on January 18,2000, is a Chinese web services company headquartered at the Baidu Campus in Beijing\'s Haidian District. Baidu offers many services, including a Chinese search engine for websites, audio files and images. Baidu offers 57 search and community services including Baidu Baike (an online, collaboratively built encyclopedia) and a searchable, keyword-based discussion forum. Baidu was established in 2000 by Robin Li and Eric Xu. Both of the co-founders are Chinese nationals who studied and worked overseas before returning to China. In March 2015, Baidu ranked 4th overall in the Alexa Internet rankings.
BBBY,Bed Bath & Beyond Inc.,4553,31,6417,4115,866928,Bed Bath & Beyond Inc. is an American chain of domestic merchandise retail stores in the United States, Puerto Rico, Canada and Mexico. Formed in 1971, the stores sell goods primarily for the bedroom and bathroom, as well as kitchen and dining room. The company is included in the S&P 500 and Global 1200 Indices and the NASDAQ-100 Index. It is also counted among the Fortune 500 and the Forbes Global 2000 as well.,
BIIB,Biogen Inc.,31355,-27,33365,22302,367274,Biogen Inc. (previously known as Biogen Idec) is an American multinational biotechnology company based in Cambridge, Massachusetts, specializing in the discovery, development, and delivery of therapies for the treatment of neurodegenerative, hematologic, and autoimmune diseases to patients worldwide.,
BMRN,BioMarin Pharmaceutical Inc.,9349,19,13740,6212,587590,BioMarin Pharmaceutical Inc. is a biotechnology company based in San Rafael, California. It has offices and facilities in the United States, South America, Asia, and Europe. BioMarin\'s core business and research is in enzyme replacement therapies (ERTs). BioMarin was the first company to provide therapeutics for mucopolysaccharidosis type I (MPS I), by manufacturing laronidase (Aldurazyme, commercialized by Genzyme Corporation). BioMarin was also the first company to provide therapeutics for phenylketonuria (PKU).,
AVGO,Broadcom Limited,17361,58,17581,10000,709683,Broadcom Limited (formerly Avago Technologies) is an American designer, developer and global supplier of products based on analog and digital semiconductor technologies within four primary markets: wired infrastructure, wireless communications, enterprise storage and industrial & others.
CA,CA Inc.,3411,18,3499,2516,764552,CA Technologies, formerly known as Computer Associates International Inc. and CA Inc., is an American publicly held corporation headquartered in New York City. It ranks as one of the largest independent software corporations in the world. The company creates systems software (and previously applications software) that runs in mainframe, distributed computing, virtual machine and cloud computing environments.,
CELG,Celgene Corporation,11219,-36,12849,9298,1327685,Celgene Corporation is an American biotechnology company that manufactures drug therapies for cancer and inflammatory disorders. It is incorporated in Delaware and headquartered in Summit, New Jersey. The company\'s major products are Thalomid (thalidomide)," which is approved for the acute treatment of the cutaneous manifestations of moderate to severe erythema nodosum leprosum (\""\""ENL\""\"")", as well as in combination with dexamethasone for patients with newly diagnosed multiple myeloma, and Revlimid (lenalidomide), for which the company has received FDA and EMA approval in combination with dexamethasone for the treatment of multiple myeloma patients who have received at least one prior therapy. Revlimid is also approved in the United States for the treatment of patients with transfusion-dependent anemia due to Low- or Intermediate-1-risk Myelodysplastic syndromes (MDS) associated with a deletion 5q cytogenetic abnormality with or without additional cytogenetic abnormalities. Both Thalomid and Revlimid are sold through proprietary risk-management distribution programs to ensure safe and appropriate use of these pharmaceuticals. Vidaza is approved for the treatment of patients with MDS. Celgene also receives royalties from Novartis Pharma AG on sales of the entire Ritalin family of drugs, which are widely used to treat Attention Deficit Hyperactivity Disorder (ADHD). Celgene Cellular Therapeutics, a subsidiary, is a public cord blood bank.,
CHTR,Charter Communications Inc.,25458,-285,26175,15613,1229957,Cerner Corporation is a supplier of health information technology (HIT) solutions, services, devices and hardware. As of April 2015 its products were in use in approximately 18,000 facilities around the world and the company had about 22,000 employees globally,
CHTR,"Charter Communications, Inc",25483,-260,26175,15613,1700659,Charter Communications is an American cable telecommunications company, which offers their services to consumers and businesses under the branding of Charter Spectrum. Providing services to over 25 million customers in 41 states, it is the second-largest cable operator in the United States by subscribers, just behind Comcast and by residential subscriber lines it is the tenth-largest telephone provider. In late 2012 with the naming of longtime Cablevision executive Thomas Rutledge as their CEO, the company relocated their main headquarters from St. Louis, Missouri, to Stamford, Connecticut, though many operations remain based out of St. Louis. On May 18,2016, Charter acquired Time Warner Cable and Bright House Networks for a combined $65.5 billion, making it the third-largest pay television company in the United States.
CHKP,Check Point Software Technologi,7601,119,8998,6509,1438544,Check Point Software Technologies Ltd. is an international provider of software and combined hardware and software products for IT security, including network security, endpoint security, data security and security management.\nAs of 2014 the company had approximately 2,900 employees worldwide. Headquartered in Tel Aviv, Israel, the company has development centers in Israel, California (ZoneAlarm), Sweden (Former Protect Data development centre), and Belarus. The company has main offices in the United States, in San Carlos, California, in Dallas, Texas, in Ottawa, Ontario, Canada, and Sydney Australia.\nCheck Point competes in the antivirus industry against AVG, Avira, ESET, F-Secure, Kaspersky, McAfee, Panda Security, Sophos and Symantec among others.,
CSCO,Cisco Systems Inc.,3029,-44,3125,2246,31498976,Cisco Systems Inc. is an American multinational corporation technology company headquartered in San Jose, California, that designs, manufactures and sells networking equipment worldwide.  It is the largest networking company in the world. The stock was added to the Dow Jones Industrial Average on June 8,2009, and is also included in the S&P 500 Index, the Russell 1000 Index, NASDAQ-100 Index and the Russell 1000 Growth Stock Index.
CTXS,Citrix Systems Inc.,8790,91,9000,6091,789471,Citrix Systems Inc. is an American multinational software company that provides server, application and desktop virtualization, networking, software as a service (SaaS), and cloud computing technologies. It was founded in Richardson, Texas in 1989 by Ed Iacobucci, who served as chairman until his departure in 2000.\n The company began by developing remote access products for Microsoft operating systems. It licensed source code from Microsoft and has been in partnership with the company throughout its history. Citrix came to prominence in the 1990s as a leader in thin client technology, purpose built for accessing remote servers. The company had its first initial public offering in 1995 and, with few competitors, experienced large revenue increases between 1995 and 1999.
CTSH,Cognizant Technology Solutions ,5668,-32,6980,5122,2092818,Cognizant Technology Solutions Corp is an American multinational corporation that provides custom information technology, consulting, and business process outsourcing services. It is headquartered in Teaneck, New Jersey, United States. Cognizant is listed in the NASDAQ-100 and the S&P 500 indices. Originally founded as an in-house technology unit of Dun & Bradstreet in 1994. Cognizant started serving external clients in 1996,
CMCSA,Comcast Corporation,6739,-38,6836,5000,3400247,Comcast Corporation (styled as COMCAST, formerly comcast), formerly registered as Comcast Holdings is an American multinational mass media conglomerate and is the largest broadcasting and largest cable television company in the world by revenue.  It is the second-largest pay-TV company after the AT&T-DirecTV acquisition, largest cable TV company and largest home Internet service provider in the United States, and the nation\'s third-largest home telephone service provider. Comcast services U.S. residential and commercial customers in 40 states and the District of Columbia. The company\'s headquarters are located in Philadelphia, Pennsylvania.
COST,Costco Wholesale Corporation,16769,-27,16973,11703,890642,Costco Wholesale Corporation is an American membership-only warehouse club that provides a wide selection of merchandise. It is currently the largest membership-only warehouse club in the United States. As of 2014, Costco was the third largest retailer in the United States. By 2015 it was the second largest in the world (after Walmart).Costco\'s worldwide headquarters are in Issaquah, Washington, USA. The company opened its first warehouse in 1983 in Seattle. Through mergers, Costco\'s overall corporate history dates back to 1976, when its former competitor Price Club was founded in San Diego, California.,
CSX,CSX Corporation,2855,37,3053,2133,4551689,CSX Corporation is an American holding company focused on real estate and railways in North America, among other industries. The company was formed in 1980 by the merger of Chessie System and Seaboard Coast Line Industries and eventually merged the various railroads owned by those predecessors into a single line that became known as CSX Transportation. CSX Corporation currently has a number of subsidiaries beyond CSX Transportation, including Fruit Growers Express, CSX Technology, CSX de Mexico, and CSX Real Property among others. Based in Richmond, Virginia, USA after the merger, in 2003 the CSX Corporation headquarters moved to Jacksonville, Florida. The chairman and CEO since 2003 is Michael J. Ward, while Clarence Gooden serves as president.,
CTRP,Ctrip.com International, Ltd.,4600,-38,5736,2725,2290139,Ctrip is a provider of travel services including accommodation reservation, transportation ticketing, packaged tours and corporate travel management.
DISCK,Discovery Communications Inc.,2590,-3,2993,2243,982136,Discovery Communications Inc. is an American global mass media and entertainment company based in Silver Spring, Maryland. The company started as a single channel in 1985, The Discovery Channel.\n DCI both produces original television programming and acquires content from producers worldwide. This non-fiction programming is offered through DCI\'s more than 50 network entertainment brands, including Discovery Channel, TLC, Investigation Discovery, Animal Planet, OWN: Oprah Winfrey Network, Science Channel, Velocity, Eurosport and its web-native Discovery Digital Networks business, led by Seeker and SourceFed.
DISCA,Discovery Communications Inc.,2687,-10,3180,2366,2179693,Discovery Communications Inc. is an American global mass media and entertainment company based in Silver Spring, Maryland. The company started as a single channel in 1985, The Discovery Channel.\nDCI both produces original television programming and acquires content from producers worldwide. This non-fiction programming is offered through DCI\'s more than 50 network entertainment brands, including Discovery Channel, TLC, Investigation Discovery, Animal Planet, OWN: Oprah Winfrey Network, Science Channel, Velocity, Eurosport and its web-native Discovery Digital Networks business, led by Seeker and SourceFed.
DISH,DISH Network Corporation,5152,34,6549,3885,825580,"Dish Network (stylized as \""\""dish\""\"") is an American direct-broadcast satellite service provider. The company provides satellite television", satellite Internet access, audio programming, and interactive television services to commercial and residential customers in the United States. As of April 2016, the company provided services to 13.9 million television and 628,000 broadband subscribers.  The company has approximately 18,000 employees. The company is headquartered in Meridian, Colorado, though the postal designation of nearby Englewood is used in the corporate mailing address.,
DLTR,Dollar Tree Inc.,9598,49,9993,6031,692622,Dollar Tree Inc. is an American chain of discount variety stores that sells items for $1 or less. A Fortune 500 company, Dollar Tree is headquartered in Chesapeake, Virginia, and operates 13,600 stores throughout the 48 contiguous U.S. states and Canada. Its stores are supported by a nationwide logistics network of ten distribution centers. The company operates one-dollar stores under the names of Dollar Tree and Dollar Bills. The company also operates a multi-price-point variety chain under the name Deals.,
EBAY,eBay Inc.,3050,-11,3179,2152,3314659,eBay Inc. (/?i??be?/ ?-b-ay; stylized as ebay since late 2012, and as ebaY previously) is an American multinational corporation and e-commerce company, providing consumer-to-consumer and business-to-consumer sales services via the Internet. It is headquartered in San Jose, California. eBay was founded by Pierre Omidyar in 1995, and became a notable success story of the dot-com bubble. Today it is a multibillion-dollar business with operations localized in over 30 countries.,
EA,Electronic Arts Inc.,8097,120,8180,5301,3432217,Electronic Arts Inc. (EA), also known as EA Games, is an American developer, marketer, publisher, and distributor of video games headquartered in Redwood City, California. Founded and incorporated on May 28,1982, by Trip Hawkins and Bing Gordon, the company was a pioneer of the early home computer games industry and was notable for promoting the designers and programmers responsible for its games. As of 2014, Electronic Arts was the world\'s fourth-largest gaming company by revenue after Tencent, Sony and Microsoft The company sparked controversies over its advertising efforts, and acquisition of other studios.,
ENDP,Endo International plc,2285,11,8457,1256,2486822,Endo International plc is global specialty healthcare company. It was created as a result of a management buyout from DuPont Merck in 1997. Three DuPont Merck executives (Carol A. Ammon, Chairman, President & CEO, and Mariann T. MacDonald, Executive Vice President, Operations, along with another colleague) purchased all of Endo Laboratories L.L.C.\'s generic products along with 12 important brand products, including Percocet, Percodan," and Opana. The new company was called \""\""Endo Pharmaceuticals Inc.\""\"""
EXPE,Expedia Inc.,11550,8,14051,8840,635150,Expedia Inc. is an American-based parent company to several global onlinetravel brands including Expedia.com, Hotels.com, Hotwire.com, trivago, Egencia (formerly Expedia Corporate Travel), Venere.com, Expedia Local Expert, Classic Vacations, Expedia CruiseShipCenters, Travelocity, Orbitz and HomeAway. Expedia Inc.’s companies operate more than 100 branded points of sale in more than 60 countries. Expedia also powers travel bookings for over 10,000 partners such as airlines and hotels, consumer brands, and high traffic websites through Expedia Affiliate Network, 80% of which is powered by their API. Expedia Inc. is listed on Nasdaq under the ticker symbol EXPE.,
ESRX,Express Scripts Holding Company,7657,-6,8973,6555,1157026,Express Scripts Holding Company is a Fortune 100 company as of 2013, the 20th-largest in the United States[1] and is the largest pharmacy benefit management (PBM) organization in the United States, with 2013 revenues of $104.62 billion. Headquartered in St. Louis, Missouri, Express Scripts provides integrated pharmacy benefit management services including network-pharmacy claims processing; home delivery pharmacy services; specialty pharmacy benefit management, through its subsidiary Accredo; benefit-design consultation; drug-utilization review; formulary management; and medical and drug data analysis services to manage drug plans for health plans, self-insured employers and government agencies (both as administrator of employee benefits and public assistance programs). One of its largest clients is the United States Department of Defense\'s Tricare program.,
FB,Facebook Inc.,12390,-47,12833,7200,9036317,Facebook (stylized as facebook) is a for-profit corporation and onlinesocial networking service based in Menlo Park, California, United States. The Facebook website was launched on February 4,2004, by Mark Zuckerberg, along with fellow Harvard College students and roommates,Eduardo Saverin, Andrew McCollum, Dustin Moskovitz, and Chris Hughes.\n The founders had initially limited the website\'s membership to Harvard students; however, later they expanded it to higher education institutions in the Boston area, the Ivy League schools, and Stanford University. Facebook gradually added support for students at various other universities, and eventually to high school students as well. Since 2006, anyone age 13 and older has been allowed to become a registered user of Facebook, though variations exist in the minimum age requirement, depending on applicable local laws.  The Facebook name comes from the face book directories often given to United States university students.,
FAST,Fastenal Company,4393,32,4999,3445,704184,Fastenal Company is an American company based in Winona, Minnesota. Distributing goods used by other businesses, it has over 2,600 branches throughout the US, Canada, Mexico and Europe along with 13 distribution centers. Fastenal resells industrial, safety, and construction supplies and offers services including inventory management, manufacturing, and tool repair. Fastenal refers to itself as an industrial supply company, and Reuters calls it an industrial distributor.,
FISV,Fiserv Inc.,10249,-29,11151,7796,410036,Fiserv Inc., is an American provider of financial services technology. The company\'s clients include banks, thrifts, credit unions, securities broker dealers, leasing and finance companies, and retailers, among others. In October 2015,American Banker and BAI ranked the company third by revenue among technology providers to U.S. banks. Fiserv reported total revenue of $4.55 billion in 2013.,
FTNT,Fortinet INC,3486,196,4810,2316,4525317,Fortinet Inc. provides network security solutions. The Company offers network security appliances, related software, and subscription services. Fortinet systems integrate the industry\'s broadest suite of security technologies, including firewall, VPN, antivirus, intrusion prevention (IPS), web filtering, antispam, and traffic shaping.
GILD,Gilead Sciences Inc.,8044,-26,11609,7792,6465621,Gilead Sciences is an American biopharmaceutical company that discovers, develops and commercializes therapeutics. For many years since the company was founded, the company concentrated primarily on antiviral drugs used in the treatment of HIV, hepatitis B, hepatitis C, and influenza. In 2006, Gilead acquired two companies which were developing drugs to treat patients with pulmonary diseases. \nThe company\'s current commercially available products include Atripla, Complera, Emtriva, Viread, Tybost, Vitekta, Truvada, Stribild, Harvoni, Hepsera, Sovaldi, Zydelig, Letairis, Lexiscan, Ranexa, Cayston, Tamiflu, AmBisome, and Macugen.\nHeadquartered and founded in Foster City, California, Gilead has operations in North America, Europe and Australia. As of the end of 2015, the company had approximately 7,900 full-time employees. Gilead is a member of the NASDAQ Biotechnology Index and the S&P 500.
HSIC,Henry Schein Inc.,16129,-11,18300,12617,263444,Henry Schein Inc. (also known as Henry Schein Medical) is a distributor of healthcare products and services. The company is a Fortune World’s Most Admired Company and is ranked number one in its industry for social responsibility.,
ILMN,Illumina Inc.,17300,385,21327,12710,5693765,Illumina Inc. is an American company Customers include genomic research centers, pharmaceutical companies, academic institutions, clinical research organizations and biotechnology companies. Its tools provide researchers with the capability to perform genetic tests needed to extract medical information from advances in genomics and proteomics. Its headquarters are located in San Diego, California.incorporated in April 1998 that develops, manufactures and markets integrated systems for the analysis of genetic variation and biological function. In 2014, Illumina was named the world\'s smartest company by MIT Technology Review. Using its technologies, the company provides a line of products and services that serve the sequencing, genotypingand gene expression markets. This technology had purportedly by 2013 reduced the cost of sequencing a human genome to US$4,0, down from a price ofUS$1 million in 2007.,
INCY,Incyte Corporation,7663,15,13362,5500,799469,Incyte, Corp is a pharmaceutical company based in Alapocas, Delaware. Incyte has one drug which has been approved by the U.S. Food and Drug Administration (FDA) and has been prescribed to several thousands of patients in the United States, Jakafi.The company was founded in Palo Alto, California in 1991 and went public in 1993. \n As of 2014 the company was developing an oral JAK1 and JAK2 inhibitor drug for rheumatoid arthritis in partnership with Eli Lilly called baricitinib. As of August 2016 31 clinical trials had been registered for baricitinib of which 24 had completed, and 4 of 6 phase 3 trials had completed.
INTC,Intel Corporation,3487,-15,3593,2487,9789536,Intel Corporation (better known as Intel, stylized as intel) is an American multinational technology company headquartered in Santa Clara, California. Intel is one of the world\'s largest and highest valued semiconductor chip makers, based on revenue. It is the inventor of the x86 series of microprocessors, the processors found in most personal computers. Intel supplies processors for computer system manufacturers such as Apple, Samsung, HP and Dell. Intel also makes motherboard chipsets, network interface controllers and integrated circuits, flash memory, graphics chips, embedded processors and other devices related to communications and computing. Intel Corporation was founded on July 18,1968, by semiconductor pioneers Robert Noyce and Gordon Moore and widely associated with the executive leadership and vision of Andrew Grove, Intel combines advanced chip design capability with a leading-edge manufacturing capability. \nIntel was an early developer of SRAM and DRAM memory chips, which represented the majority of its business until 1981. Although Intel created the world\'s first commercial microprocessor chip in 1971, it was not until the success of the personal computer (PC) that this became its primary business. During the 1990s, Intel invested heavily in new microprocessor designs fostering the rapid growth of the computer industry. During this period Intel became the dominant supplier of microprocessors for PCs, and was known for aggressive and anti-competitive tactics in defense of its market position, particularly against Advanced Micro Devices (AMD), as well as a struggle with Microsoft for control over the direction of the PC industry.
INTU,Intuit Inc.,11241,-33,11697,7963,605105,Intuit Inc. is an American enterprise software company that develops financial and tax preparation software and related services for small businesses, accountants and individuals. It is incorporated in Delaware and headquartered in Mountain View, California.\nIntuit makes the personal finance programs Quicken and TurboTax, as well as the small business accounting program QuickBooks. In addition, they produce QuickBooks Point of Sale solution for small retailers, professional tax solutions ProSeries and Lacerte, and the cloud-based, low-code development platform QuickBase. The company also provides web based SAAS versions of QuickBooks - QuickBooks Online (QBO) - and multiple payroll products, as well as providing processing options to many small businesses.,
ISRG,"Intuitive Surgical, Inc",68562,272,72001,44700,137084,Intuitive Surgical Inc. is an American corporation that manufactures robotic surgical systems, most notably the da Vinci Surgical System. The da VinciSurgical System allows surgery to be performed using robotic manipulators. The company is part of the NASDAQ-100 and S&P 500. Intuitive Surgical has installed over 1,242 systems worldwide as of July, 2009. Computer Motion was a competitor that merged with Intuitive Surgical in 2003.
JD,JD.com Inc.,2539,0,3348,1951,7903318,JD.com or Jingdong Mall (Chinese: ????; pinyin: J?ngd?ng Sh?ngchéng), formerly 360buy, is a Chinese electronic commerce company headquartered in Beijing. It is the largest B2C online retailers in China by transaction volume and revenue, and a major competitor to Alibaba-run Tmall.  Its English website, for worldwide shipping, launched on October 18,2012,
LRCX,Lam Research Corporation,9057,36,9380,6120,805092,Lam Research Corporation is an American corporation that engages in the design, manufacture, marketing, and service of semiconductor processing equipment used in the fabrication of integrated circuits. Its products are used primarily in front-end wafer processing, which involves the steps that create the active components of semiconductor devices (transistors, capacitors) and their wiring (interconnects). The company also builds equipment for back-end wafer-level packaging (WLP), and for related manufacturing markets such as for microelectromechanical systems (MEMS).\n Lam Research was founded in 1980 by Dr. David K. Lam and is headquartered in Fremont, California, in the Silicon Valley.,
LBTYK,Liberty Global plc,3131,-21,4820,2586,524893,Liberty Global plc is an American, British-based telecommunications and television company. It was formed in 2005 by the merger of the international arm of Liberty Media and UGC (UnitedGlobalCom), and is one of the largestbroadband internet service providers in the world. \n Since 2013, Liberty Global is the world\'s largest international cable company, with operations in 14 countries, and 35,000 employees. As of 31 December 2013, it had an annual revenue of $17.3 billion. Its cable services pass 47 million homes, with 24.5 million customers or 48.3 million RGUs (video, internet, and voice subscribers). \n Liberty Global is headquartered in Hammersmith London, with offices in Schiphol-Rijk, The Netherlands and in Douglas County, Colorado.
LBTYA,Liberty Global plc,3230,-19,5212,2616,918577,Liberty Global plc is an American, British-based telecommunications and television company. It was formed in 2005 by the merger of the international arm of Liberty Media and UGC (UnitedGlobalCom), and is one of the largestbroadband internet service providers in the world. \n Since 2013, Liberty Global is the world\'s largest international cable company, with operations in 14 countries, and 35,000 employees. As of 31 December 2013, it had an annual revenue of $17.3 billion. Its cable services pass 47 million homes, with 24.5 million customers or 48.3 million RGUs (video, internet, and voice subscribers). \n Liberty Global is headquartered in Hammersmith London, with offices in Schiphol-Rijk, The Netherlands and in Douglas County, Colorado.
QVCA,Liberty Interactive Corporation,2144,31,2908,1991,3560868,Liberty Interactive Corporation, commonly referred to as Liberty Interactive, is an American media conglomerate controlled by company Chairman John C. Malone, who owns a majority of the voting shares. \n Liberty Interactive was originally a division of Liberty Media; on September 28,1998, Liberty Media announced the formation of Liberty Interactive, a division which would take advantage of new technologies such as set-top boxes to develop interactive programming. The company would own eighty-six percent of TCI Music Inc. (NASDAQ symbol: TUNE/TUNEP). As of January 1,1999, E! Entertainment President and Chief Executive Officer Lee Masters would become the new company\'s CEO, and Bruce Ravenel would be Chief Technology Officer
LVNTA,Liberty Interactive Corporation,3876,-9,4539,3235,243601,Liberty Interactive Corporation, commonly referred to as Liberty Interactive, is an American media conglomerate controlled by company Chairman John C. Malone, who owns a majority of the voting shares. \n Liberty Interactive was originally a division of Liberty Media; on September 28,1998, Liberty Media announced the formation of Liberty Interactive, a division which would take advantage of new technologies such as set-top boxes to develop interactive programming. The company would own eighty-six percent of TCI Music Inc. (NASDAQ symbol: TUNE/TUNEP). As of January 1,1999, E! Entertainment President and Chief Executive Officer Lee Masters would become the new company\'s CEO, and Bruce Ravenel would be Chief Technology Officer
BATRK,Liberty Media Corporation,1640,-3,2700,1351,50327,The Atlanta Braves are an American professional baseball franchise based in Atlanta, Georgia since 1966. The franchise competes in Major League Baseball (MLB) as a member of the National League (NL) Eastdivision. The Braves have played home games at Turner Field since 1997, and play spring training games in Lake Buena Vista, Florida. In 2017, the team is to move to SunTrust Park," a new stadium complex in the Cumberland district of Cobb County just north of the I-285 bypass. \n The \""\""Braves\""\"" name", which was first used in 1912," originates from a term for an Indian warrior. They are nicknamed \""\""the Bravos\"""," and often referred to as \""\""America\'s Team\""\"" in reference to the team\'s games being broadcast on the nationally available TBS from the 1970s until 2007", giving the team a nationwide fan base.
BATRA,Liberty Media Corporation,1672,-9,3600,1423,44650,The Atlanta Braves are an American professional baseball franchise based in Atlanta, Georgia since 1966. The franchise competes in Major League Baseball (MLB) as a member of the National League (NL) Eastdivision. The Braves have played home games at Turner Field since 1997, and play spring training games in Lake Buena Vista, Florida. In 2017, the team is to move to SunTrust Park," a new stadium complex in the Cumberland district of Cobb County just north of the I-285 bypass. \n The \""\""Braves\""\"" name", which was first used in 1912," originates from a term for an Indian warrior. They are nicknamed \""\""the Bravos\"""," and often referred to as \""\""America\'s Team\""\"" in reference to the team\'s games being broadcast on the nationally available TBS from the 1970s until 2007", giving the team a nationwide fan base.
LMCK,Liberty Media Corporation,2178,26,2973,1747,194218,Liberty Media Corporation (commonly referred to as Liberty Media or justLiberty) is an American mass media company controlled by Chairman John C. Malone, who owns a majority of the voting shares.
LMCA,Liberty Media Corporation,2208,17,2965,1772,167717,Liberty Media Corporation (commonly referred to as Liberty Media or justLiberty) is an American mass media company controlled by Chairman John C. Malone, who owns a majority of the voting shares.
LLTC,Linear Technology Corporation,5883,22,6442,3641,1301133,Linear Technology Corporation designs, manufactures and markets a broad line of standard high performance analog integrated circuits. Applications for the company\'s products include telecommunications, cellular telephones, networking products, notebook and desktop computers, video/multimedia, industrial instrumentation, automotive electronics, factory automation, process control, military and space systems.\n The company was founded in 1981 by Robert H. Swanson, Jr. and Robert C. Linear Technology Corporation designs, manufactures and markets a broad line of standard high performance analog integrated circuits. Applications for the company\'s products include telecommunications, cellular telephones, networking products, notebook and desktop computers, video/multimedia, industrial instrumentation, automotive electronics, factory automation, process control, military and space systems.
MAR,Marriott International,7301,0,7988,5643,668107,Marriott International Inc. (NASDAQ: MAR) is an American multinational diversified hospitality company that manages and franchises a broad portfolio of hotels and related lodging facilities. Founded by J. Willard Marriott, the company is now led by his son, Executive Chairman Bill Marriott and President and Chief Executive Officer Arne Sorenson.\nMarriott International, headquartered in Bethesda, Maryland in the Washington, DC metropolitan area, has more than 4,087 properties in over 80 countries and territories around the world, over 697,000 rooms (as of July 2014), and additional 195,000 rooms in the development pipeline. \n In June 2014, Marriott International opened their 4,000th hotel, the Marriott Marquis in Washington, D.C.
MAT,Mattel Inc.,3331,-33,3476,1945,1117002,Mattel Inc. is an American multinational toy manufacturing company founded in 1945 with headquarters in El Segundo, California. In 2014, it ranked #403 on the Fortune 500 list. The products and brands it produces include Fisher-Price, Barbie dolls, Monster High dolls, Ever After High dolls, Winx Club dolls, Hot Wheels and Matchbox toys, Masters of the Universe toys, American Girl dolls, board games, and WWE Toys. In the early-1980s, Mattel produced video game systems, under both its own brands and under license from Nintendo. The company has presence in 40 countries and territories and sells products in more than 150 nations. The company operates through three business segments: North America, international, and American Girl. It is the world\'s largest toy maker in terms of revenue and market capitalization.
MXIM,Maxim Integrated Products Inc.,4065,13,4237,2947,781846,Maxim Integrated is an American, publicly traded company that designs, manufactures, and sells analog and mixed-signal integrated circuits.\nMaxim Integrated develops integrated circuits (ICs) for the automotive, industrial, communications, consumer, and computing markets. Headquartered in San Jose, California, the company has design centers, manufacturing facilities, and sales offices throughout the world. In the fiscal year 2015, it had US$2.31 billion in sales,8,800 employees, and 35,000 customers worldwide. Maxim is a Fortune 1000 company listed on the NASDAQ 100, Russell 1000, and MSCI US indices.,
MU,Micron Technology Inc.,1574,22,1930,931,12045065,Micron Technology Inc. is an American global corporation based in Boise, Idaho which produces many forms of semiconductor devices, including dynamic random-access memory, flash memory, and solid-state drives. Its consumer products are marketed under the brands Crucial Technology and Lexar. Micron and Intel together created IM Flash Technologies, which produces NAND flash memory. Micron was named one of Thomson Reuters top 100 global innovators in 2012 and 2013. Micron Technology is also ranked among the Top 5 Semiconductor producing companies in the world. 
MSFT,Microsoft Corporation,5757,1,5850,3972,8434310,Microsoft Corporation is an American multinational technology company headquartered in Redmond, Washington, that develops, manufactures, licenses, supports and sells computer software, consumer electronics and personal computers and services. Its best known software products are the Microsoft Windows line of operating systems, Microsoft Office office suite, and Internet Explorer and Edge web browsers. Its flagship hardware products are the Xbox game consoles and the Microsoft Surface tablet lineup. It is the world\'s largest software maker by revenue, and one of the world\'s most valuable companies.
MSFT,Microsoft Corporation,5757,1,5850,3972,8434310,Microsoft Corporation  (commonly referred to as Microsoft or MS) is an American multinational technology company headquartered in Redmond, Washington, that develops, manufactures, licenses, supports and sells computer software, consumer electronics and personal computers and services. Its best known software products are the Microsoft Windows line of operating systems, Microsoft Office office suite, and Internet Explorer and Edge web browsers. Its flagship hardware products are the Xbox game consoles and the Microsoft Surface tablet lineup. It is the world\'s largest software maker by revenue, and one of the world\'s most valuable companies. \nMicrosoft was founded by Paul Allen and Bill Gates on April 4,1975, to develop and sell BASIC interpreters for Altair 8800. It rose to dominate the personal computer operating system market with MS-DOS in the mid-1980s, followed by Microsoft Windows. The company\'s 1986 initial public offering, and subsequent rise in its share price, created three billionaires and an estimated 12,000 millionaires among Microsoft employees. Since the 1990s, it has increasingly diversified from the operating system market and has made a number of corporate acquisitions. In May 2011, Microsoft acquired Skype Technologies for $8.5 billion in its largest acquisition to date, and in June 2016 announced plans to acquire LinkedIn for $26.2 billion.,
MDLZ,Mondelez International Inc.,4317,16,4742,3588,2563640,Mondelez International, styled Mondel?z is an American multinational confectionery, food, and beverage company based in Illinois which employs about 107,000 people around the world. It consists of the global snack and food brands of the former Kraft Foods Inc after the October 2012 spin-off of its North American grocery operations. The Mondelez name, adopted in 2012," was suggested by Kraft Foods employees and is a combination of the words for \""\""world\""\"" and \""\""delicious\""\"" in Romance languages.",
MNST,Monster Beverage Corporation,16069,98,16650,11308,289226,Monster Corporation is a beverage company that manufactures energy drinks, natural soft drinks, and fruit drinks including Monster Energy, Hansen\'s Natural Soda, Hansen\'s Energy, Hansen\'s Junior Juice, Hubert\'s Lemonade, Peace Tea, and Blue Sky. \n As of May 2012, Monster held nearly 35% of the $31.9 billion US energy drink market.
MYL,Mylan N.V.,4933,43,5551,3759,1888628,Mylan N.V. is a global generic and specialty pharmaceuticals company registered in the Netherlands and with operational headquarters in Hatfield, Hertfordshire in the United Kingdom. In 2007, Mylan acquired a controlling interest in India-based Matrix Laboratories Limited, a top producer of active pharmaceutical ingredients (APIs) for generic drugs, and the generics business of Germany-based Merck KGaA. Through these acquisitions, Mylan has grown from the third-largest generic and pharmaceuticals company in the United States to the second-largest generic and specialty pharmaceuticals company in the world. Mylan now has approximately 30,000 employees, more than 1,000 separate products, and serves customers in more than 150 countries and territories. Mylan has a global manufacturing output of more than 45 billion doses.
NTAP,NetApp Inc.,3366,481,3481,2066,13461244,NetApp Inc. is an American multinational storage and data management company headquartered in Sunnyvale, California. It is a member of the NASDAQ-100, and has ranked in the Fortune 500 since 2012. Founded in 1992 with an IPO in 1995, NetApp offers software, systems and services to manage and store data, including its proprietary Data ONTAP operating system.
NTES,NetEase Inc.,20881,-452,21737,10280,2713832,NetEase Inc. (simplified Chinese: ??; traditional Chinese: ??; pinyin: W?ng Yì) is a Chinese Internet technology company providing online services centred on content, community, communications and commerce. Founded in 1997, the company was a key pioneer in the development of Internet services for China. Today, NetEase develops and operates some of China\'s online PC and mobile games, advertising services, e-mail services and e-commerce platforms \n NetEase has produced some of China\'s online PC-client games, including Fantasy Westward Journey II and New Westward Journey Online II, as well as other games, such as Tianxia III, Heroes of Tang Dynasty Zero and Ghost II. In partnership with Blizzard Entertainment Inc., NetEase operates some international online games in China, including World of Warcraft, Hearthstone: Heroes of Warcraft, StarCraft II and Diablo III: Reaper of Souls.,
NFLX,Netflix Inc.,9655,18,13327,7995,5740989,Netflix Inc. is an American multinational entertainment company founded on August 29, 1997 in Scotts Valley, California by Reed Hastings and Marc Randolph. It specializes and provides streaming media and video on demand both online and physically, and recently a film and television producer, as well as online distributor. It is currently headquartered in Los Gatos. In 1998, about a year after Netflix\'s founding, the company grew by starting in the DVD by mail business. \nIn 2007, Netflix expanded their business with the introduction of streaming media, as well as retaining the DVD and Blu-Ray rental service, with streaming available to Canada in 2010 and as of 2016, now serves over 190 countries. In 2013, Netflix introduced itself into the film and television industry, with its first series being House of Cards, which debuted in the same year, greatly expanding into film in 2015," and now offers its \""\""Netflix Original\""\"" content abroad its online library of films and television."
JPY,Nintendo,10053,27,12450,9997,1513,Nintendo Co., Ltd. is a Japanese multinational consumer electronics and software company headquartered in Kyoto, Japan. Nintendo is the world\'s largest video game company by revenue. Founded on September 23,1889, by Fusajiro Yamauchi, it originally produced handmade hanafuda playing cards. By 1963, the company had tried several small niche businesses," such as cab services and love hotels. The word Nintendo can be roughly translated from Japanese to English as \""\""leave luck to heaven\""\""."
NCLH,Norwegian Cruise Line Holdings ,3859,-7,6427,3701,944746,Norwegian Cruise Line Holdings Ltd. (Norwegian) is a Bermuda-incorporated, US-headquartered company operating cruise ships, headquartered in unincorporated Miami-Dade County, Florida. It began operations in 1966 under the name Norwegian Caribbean Line. The company is best known for its Freestyle Cruising concept, which means that there are no set times or seating arrangements for meals, nor is formal attire required. Norwegian is a publicly traded company with 44.1% publicly listed on NASDAQ, with major shareholders including Genting Group (28.0%), Apollo Global Management (20.0%), and TPG Capital (7.9%) as of 30 June 2014. Norwegian Cruise Line controls approximately 8% of the total worldwide share of the cruise market.,
NVDA,NVIDIA Corporation,6211,96,6350,2000,5760465,Nvidia Corporation (commonly referred to as Nvidia, stylized as NVIDIA, nVIDIA or nvidia) is an American technology company based in Santa Clara, California. Nvidia designs graphics processing units (GPUs) for the gaming market, as well as system on a chip units (SOCs) for the mobile computing and automotive market. Nvidia\'s primary GPU product line," labeled \""\""GeForce\"""," is in direct competition with Advanced Micro Devices\' (AMD) \""\""Radeon\""\"" products. Nvidia expanded its presence in the gaming industry with its handheld SHIELD Portable", SHIELD Tablet, and SHIELD Android TV. \n Since 2014, Nvidia has shifted to become a platform company focused on four markets — Gaming, Professional Visualization, Data Centers and Auto.
NXPI,NXP Semiconductors N.V.,8781,-45,9809,6161,1233585,NXP Semiconductors N.V. is a global semiconductor manufacturer headquartered in Eindhoven, Netherlands. The company employs approximately 45,000 people in more than 35 countries, including 11,200 engineers in 23 countries. NXP reported revenue of $6.1 billion in 2015, including one month of revenue contribution from recently acquired Freescale Semiconductor. \n NXP is currently the fifth-largest non-memory semiconductor supplier globally, and the leading semiconductor supplier for the Secure Identification, Automotive and Digital Networking industries. The company was founded in 1953, with manufacturing and development in Nijmegen, Netherlands. Known then as Philips Semiconductors, the company was sold to a consortium of private equity investors in 2006, at which point the company\'s name was changed to NXP.
ORLY,O\'Reilly Automotive Inc.,28575,2,29284,22512,233468,O’Reilly Automotive Inc. is an American auto parts retailer that is one of the largest specialty retailers of automotive aftermarket parts, tools, supplies, equipment, and accessories in the United States serving both the professional service providers and do-it-yourself customers. Founded in 1957 by the O’Reilly family, the company operates more than 4,600 stores in 44 states.,
PCAR,PACCAR Inc.,5936,28,6226,4346,835445,PACCAR Inc. is a Fortune 500 company and counts among the largest manufacturers of medium- and heavy-duty trucks in the world, and has substantial manufacturing in light and medium vehicles through its various subsidiaries. For its leadership in the development of aerodynamic, lightweight commercial vehicles that has led to reduced fuel consumption and increased efficiencies, PACCAR, Inc was awarded the National Medal of Technology at the White House in 2006. The company’s presence has been especially strong in Renton, Washington, where it remains the oldest continually operating business. PACCAR\'s assembly plant in Renton was recognized as one of the best workplaces for commuters for the fifth consecutive year by the National Center for Transit Research in June 2013. The plant also celebrated its 20th anniversary in June 2013 and has produced more than 130,000 heavy-duty and medium-duty Kenworth trucks since it started its operations in 1993.
PAYX,Paychex Inc.,5975,28,6187,4159,637659,Paychex Inc. is a provider of payroll, human resource, and benefits outsourcing solutions for small- to medium-sized businesses. With headquarters in Penfield, New York, the company has more than 100 offices serving approximately 580,000 payroll clients as of May 31,2014,
PYPL,PayPal Holdings Inc.,3808,-7,4175,3000,2658993,PayPal Holdings Inc. is an American company operating a worldwide online payments system. Online money transfers serve as electronic alternatives to traditional paper methods like checks and money orders. PayPal is one of the world\'s largest Internet payment companies. The company operates as a payment processor for online vendors, auction sites and other commercial users, for which it charges a fee. \n Established in 1998, PayPal had its IPO in 2002, and became a wholly owned subsidiary of eBay later that year.\n In 2014, PayPal moved $228 billion in 26 currencies across more than 190 nations, generating a total revenue of $7.9 billion (44% of eBay’s total profits). The same year, eBay announced plans to spin-off PayPal into an independent company by mid-2015 and this was completed on July 18, 2015. On July 20,2015, PayPal had its second IPO that valued the company at $46.6 billion.,
QCOM,QUALCOMM Incorporated,6275,47,6282,4224,3722180,Qualcomm Inc. is an American multinational semiconductor andtelecommunications equipment company that designs and markets wirelesstelecommunications products and services. It derives most of its revenue from chipmaking and the bulk of its profit from patent licensing businesses. The company headquarters are located in San Diego, California, United States, and has 224 worldwide locations. The parent company is Qualcomm Incorporated (Qualcomm), which includes the Qualcomm Technology Licensing Division (QTL). Qualcomm\'s wholly owned subsidiary, Qualcomm Technologies Inc. (QTI), operates substantially all of Qualcomm\'s R&D activities, as well as its product and services businesses, including its semiconductor business, Qualcomm CDMA Technologies.
REGN,Regeneron Pharmaceuticals Inc.,41112,-56,59259,32909,291319,Regeneron Pharmaceuticals Inc. is a biotechnology company headquartered in Tarrytown, New York. The company was founded in 1988. Originally focused on neurotrophic factors and their regenerative capabilities (thus the name), it branched out into the study of both cytokine and tyrosine kinase receptors.,
ROST,Ross Stores Inc.,6354,124,6365,4347,2933701,Ross Stores Inc.," is an American chain of \""\""off-price\""\"" (i.e.", deeply discounted) department stores headquartered in Dublin, California, officially operating under the brandname, Ross Dress for Less. It is the second-largest off-price retailer in the USA, behind TJX Companies. \n As of August 2015 Ross operates 1,254 locations in 33 U.S. states, the District of Columbia and Guam, covering much of the country, but with no presence in New England, New York, northern New Jersey, Alaska, and areas of the Midwest.,
SSNLF,Samsung,11200,10000,122000,85000,1600,Samsung Electronics Co., Ltd. manufactures a wide range of consumer and industrial electronic equipment and products such as semiconductors, personal computers, peripherals, monitors, televisions, and home appliances including air conditioners and microwave ovens. The Company also produces Internet access network systems and telecommunications equipment including mobile phones.,
SBAC,SBA Communications Corporation,11456,10,12611,8280,211169,SBA Communications Corporation (NASDAQ: SBAC) owns and operates wireless infrastructure, including small cells, indoor/outdoor distributed antenna systems, and traditional cell sites that support antennas used for wireless communication by mobile carriers and wireless broadband providers in the United States and its territories, as well as in Canada, Central America, and South America. The company operates in two segments, Site Leasing and Site Development. SBA Communications Corporation leases antenna space to wireless service providers on towers that it owns or operates; and manages rooftop and tower sites for property owners under various contractual arrangements. As of December 31,2013, it owned 20,079 towers. The company also managed or leased approximately 4,800 actual or potential towers. In addition, it provides various site development services comprising network pre-design; site audits; identification of potential locations for towers and antennas; support in buying or leasing of the location; assistance in obtaining zoning approvals and permits; tower structure construction; antenna installation; and radio equipment installation, commissioning, and maintenance. SBA Communications Corporation was founded in 1989 and is headquartered in Boca Raton, Florida.
STX,Seagate Technology PLC,3189,11,5212,1842,1614537,Seagate Technology PLC (commonly referred to as Seagate) is an American data storage company. It was incorporated in 1978 as Shugart Technology. Since 2010, the company is incorporated in Dublin, Ireland, with operational headquarters in Cupertino, California, United States. \n Seagate developed the first 5.25-inch hard disk drive (HDD), the 5-megabyte ST-506, in 1980. They were a major supplier in the microcomputer market during the 1980s, especially after the introduction of the IBM XT in 1983. Today Seagate along with Western Digital dominates the HDD market. Much of their growth has come through acquisition of competitors. In 1989, Seagate acquired Control Data Corporation\'s Imprimis division, makers of CDC\'s HDD products. Seagate acquired Conner Peripherals in 1996, Maxtor in 2006, and Samsung\'s HDD business in 2011.,
SIRI,Sirius XM Holdings Inc.,418,-6,444,329,47477629,Sirius XM Holdings is an American broadcasting company that provides three satellite radio and online radio services operating in the United States: Sirius Satellite Radio, XM Satellite Radio, and Sirius XM Radio. The company also has a Canadian subsidiary called Sirius XM Canada, an affiliate company that provides Sirius and XM service in Canada. At the end of 2013, Sirius reorganized their corporate structure, which made Sirius XM Radio Inc. a direct, wholly owned subsidiary of Sirius XM Holdings Inc. Sirius XM Radio was formed after the U.S. Federal Communications Commission (FCC) approved the acquisition of XM Satellite Radio Holding Inc. by Sirius Satellite Radio Inc. on July 29,2008, 17 months after the companies first proposed the merger.The merger brought the combined companies a total of more than 18.5 million subscribers based on current subscriber numbers on the date of merging. The deal was valued at $3.3 billion, not including debt. Through Q2 2016, Sirius XM has 30.6 million subscribers. \n The proposed merger was opposed by those who felt a merger would create a monopoly. Sirius and XM argued that a merger was the only way that satellite radio could survive.,
SITO,SITO Mobile Ltd,540,131,615,155,3936712,SITO Mobile Ltd is a technology based mobile solution provider. The Company provides wireless application development, publishing and distribution.
SWKS,"Skyworks Solutions, Inc",7180,161,9263,5450,3745472,Skyworks Solutions Inc. is a semiconductor company headquartered in Woburn, Massachusetts, United States.\n The company manufactures semiconductors for use in radio frequency (RF) and mobile communications systems. Its products include power amplifiers, front end modules and RF products for handsets and wireless infrastructure equipment. The Company\'s portfolio includes amplifiers, attenuators, circulators, demodulators, detectors, diodes, directional couplers, front-end modules, hybrids, infrastructure RF subsystems, isolators, lighting and display solutions, mixers, modulators, optocouplers, optoisolators, phase shifters, PLLs/synthesizers/VCOs, power dividers/combiners, power management devices, receivers, switches and technical ceramics.,
LEAF,Springleaf,4050,-150,4550,2941,374043,Springleaf Financial Services, previously known as American General Finance, is a company whose primary business is consumer lending, credit insurance, and other credit related products. Its corporate headquarters are in Evansville, Indiana. Following an announced acquisition of OneMain Financial, the combined company will have $13.96 billion in core consumer net finance receivables and nearly 2,"000 branches across 43 states. Springleaf is traded on the NYSE under the ticker symbol \""\""LEAF\""\""; AIG and Fortress Investment Group remain majority owners of the company."
SBUX,Starbucks Corporation,5553,-28,6400,4205,3638316,Starbucks Corporation is an American coffee company and coffeehouse chain. Starbucks was founded in Seattle, Washington in 1971. Today it operates 23,768 locations worldwide, including 13,107 (+170) in the United States,2,204 (+86) in China,1,418 (-12) in Canada,1,160 (+2) in Japan and 872 in South Korea (bumping United Kingdom from 5th place) (Differences reflect growth since Jan 8," 2016)\n Starbucks is considered the main representative of \""\""second wave coffee\""", initially distinguishing itself from other coffee-serving venues in the US by taste, quality, and customer experience, while popularizing darkly roasted coffee. Since the 2000s, third wave coffee makers have targeted quality-minded coffee drinkers with hand-made coffee based on lighter roasts, while Starbucks nowadays used automated espresso machines for efficiency and safety reasons.\n Starbucks locations serve hot and cold drinks, whole-bean coffee, microground instant coffee known as VIA, espresso, caffe latte, full- and loose-leaf teas including Teavana tea products, Evolution Fresh juices, Frappuccino beverages, pastries, and snacks; some offerings (including their Pumpkin Spice Latte) are seasonal or specific to the locality of the store. Many stores sell pre-packaged food items, hot and cold sandwiches," and drinkware including mugs and tumblers; select \""\""Starbucks Evenings\""\"" locations offer beer", wine, and appetizers.Starbucks-brand coffee, ice cream and bottled cold coffee drinks are also sold at grocery stores.
SRCL,Stericycle Inc.,8523,-33,15157,8199,575441,Stericycle is a compliance company that specializes in collecting and disposing regulated substances, such as medical waste and sharps, pharmaceuticals, hazardous waste, and providing services for recalled and expired goods. It also provides related education and training services, and patient communication services. The company was founded in 1989 and is headquartered in Lake Forest, Illinois, with many more bases of operation around the world, including toxic waste incinerators in Utah and North Carolina.,
SYMC,Symantec Corporation,2308,16,2317,1614,4951661,Symantec Corporation /s??mæn?t?k/ (commonly known as Symantec) is an American technology company headquartered in Mountain View, California,United States. The company produces software for security, storage, backup and availability - and offers professional services to support its software. Netcraftassesses Symantec (including subsidiaries) as the most-used certification authority. Symantec is a Fortune 500 company and a member of the S&P 500stock-market index.\nOn October 9,2014, Symantec declared it would split into two independent publicly traded companies by the end of 2015. One company would focus on security, the other on information management. On January 29,2016," the information-management business was spun-off as Veritas Technologies and sold to The Carlyle Group.\nThe name Symantec represents a combination of the words \""\""syntax\""\"" and \""\""semantics\""\""."
TSLA,Tesla Motors Inc.,22350,26,27157,14105,1192364,N/A,
TXN,Texas Instruments Incorporated,7006,24,7258,4349,2331419,N/A,
KHC,The Kraft Heinz Company,8966,25,9049,6142,997467,The Kraft Heinz Company is an American worldwide food company formed by the merger of Kraft Foods and Heinz. The merger was backed by 3G Capital and Berkshire Hathaway, which invested US$10 billion in the deal, making Kraft Heinz worth about US$46 billion.The Kraft Heinz Company now has 13 different brands valued at $500 million or more each.,
PCLN,The Priceline Group Inc. ,144827,2107,147652,95402,336483,N/A,
TMUS,T-Mobile US Inc.,4671,33,4811,3323,2074065,N/A,
TSCO,Tractor Supply Company,8535,68,9725,7500,437314,N/A,
TRIP,TripAdvisor Inc.,6238,33,8750,5348,620968,N/A,
FOX,Twenty-First Century Fox Inc.,2587,-32,3158,2265,2733131,Twenty-First Century Fox (stylized as 21st Century Fox and simply known as Fox) is an American multinational mass media corporation. It was one of two companies formed from the 2013 spin-out of the publishing assets of News Corporation, as founded by Rupert Murdoch in 1979; 21st Century Fox is the legal successor to News Corporation, and primarily deals in the film and television industries. The other company," the \""\""new\""\"" News Corporation", holds Murdoch\'s print interests.\nIts assets include the Fox Entertainment Group—owners of the 20th Century Fox film studio and Fox television network among other assets, pan-Asian pay channel operator STAR TV, and a stake in European pay TV company Sky plc.,
FOXA,Twenty-First Century Fox Inc.,2516,-33,3140,2266,9233355,Twenty-First Century Fox (stylized as 21st Century Fox and simply known as Fox) is an American multinational mass media corporation. It was one of two companies formed from the 2013 spin-out of the publishing assets of News Corporation, as founded by Rupert Murdoch in 1979; 21st Century Fox is the legal successor to News Corporation, and primarily deals in the film and television industries. The other company," the \""\""new\""\"" News Corporation", holds Murdoch\'s print interests.\n Its assets include the Fox Entertainment Group—owners of the 20th Century Fox film studio and Fox television network among other assets, pan-Asian pay channel operator STAR TV, and a stake in European pay TV company Sky plc.,
ULTA,Ulta Salon Cosmetics & Fragran,27164,585,27196,12038,611193,N/A,
VRSK,Verisk Analytics Inc.,8157,-19,8600,6479,373618,N/A,
VRTX,Vertex Pharmaceuticals Incorpor,9952,-37,14066,7590,358182,N/A,
VIAB,Viacom Inc.,4297,-77,5335,3011,1122777,N/A,
VOD,Vodafone Group Plc,3155,20,3680,2792,1498181,N/A,
WBA,Walgreens Boots Alliance Inc.,8220,-32,9574,7150,1676900,N/A,
wDC,Western Digital Corporation,4569,96,8639,3499,2059632,N/A,
WFM,Whole Foods Market Inc.,3011,-11,3558,2807,2463665,N/A,
WNXDY,Wincor Nixdorf AG,1380,129,1396,717,500,Wincor Nixdorf AG manufactures banking machines and cash registers. The Company\'s products include ATMs, cash deposit systems, and Automated Teller Safes.,
XLNX,Xilinx Inc.,5281,62,5292,3873,1575059,N/A,
YHOO,Yahoo! Inc.,4286,16,4329,2615,6023221,N/A,
